cik,symbol,name,sector,date_added,date_removed,source_created_at,window_start,window_end,sector_eligible
0000001800,ABT,Abbott Laboratories,health_care,1957-03-04,,2007-03-05,2010-01-01,2025-12-31,YES
0000002135,ACS,Affiliated Computer Services,information_technology,2007-03-05,2020-06-22,2007-03-05,2010-01-01,2025-12-31,YES
0000002488,AMD,Advanced Micro Devices,information_technology,2007-03-05,2013-09-20,2007-03-05,2010-01-01,2025-12-31,YES
0000002488,AMD,Advanced Micro Devices,information_technology,2017-03-20,,2017-03-18,2010-01-01,2025-12-31,YES
0000002969,APD,Air Products,materials,1985-04-30,,2007-03-05,2010-01-01,2025-12-31,YES
0000004127,SWKS,Skyworks Solutions,information_technology,2015-03-12,,2015-03-11,2010-01-01,2025-12-31,YES
0000004281,AA,Alcoa Inc,materials,1964-03-31,2016-11-01,2007-03-05,2010-01-01,2025-12-31,YES
0000004281,ARNC,Arconic Inc.,industrials,1964-03-31,2020-04-01,2016-11-01,2010-01-01,2025-12-31,YES
0000004281,HWM,Howmet Aerospace,industrials,2016-10-21,,2020-04-02,2010-01-01,2025-12-31,YES
0000004447,HES,Hess Corporation,energy,1984-05-31,2025-07-23,2007-03-05,2010-01-01,2025-12-31,YES
0000006201,AAL,American Airlines Group,industrials,2015-03-23,2024-09-23,2015-03-20,2010-01-01,2025-12-31,YES
0000006281,ADI,Analog Devices,information_technology,1999-10-12,,2007-03-05,2010-01-01,2025-12-31,YES
0000006951,AMAT,Applied Materials,information_technology,1995-03-16,,2007-03-05,2010-01-01,2025-12-31,YES
0000007084,ADM,Archer Daniels Midland,consumer_staples,1957-03-04,,2007-03-05,2010-01-01,2025-12-31,YES
0000007332,SWN,Southwestern Energy,energy,2008-06-06,2017-04-04,2008-08-21,2010-01-01,2025-12-31,YES
0000008670,ADP,Automatic Data Processing,industrials,1981-03-31,,2007-03-05,2010-01-01,2025-12-31,YES
0000008818,AVY,Avery Dennison,materials,1987-12-31,,2007-03-05,2010-01-01,2025-12-31,YES
0000008868,AVP,Avon Products,consumer_staples,1967-06-30,2015-03-23,2007-03-05,2010-01-01,2025-12-31,YES
0000009389,BALL,Ball Corporation,materials,1984-10-31,,2022-05-10,2010-01-01,2025-12-31,YES
0000009389,BLL,Ball,materials,1984-10-31,2022-05-10,2007-03-05,2010-01-01,2025-12-31,YES
0000009892,BCR,Bard (C.R.) Inc.,health_care,1975-06-30,2018-01-03,2007-03-05,2010-01-01,2025-12-31,YES
0000010456,BAX,Baxter International,health_care,1972-09-30,,2007-03-05,2010-01-01,2025-12-31,YES
0000010795,BDX,Becton Dickinson,health_care,1972-09-30,,2007-03-05,2010-01-01,2025-12-31,YES
0000011199,BMS,Bemis Company,materials,1978-09-30,2014-12-05,2007-03-05,2010-01-01,2025-12-31,YES
0000012208,BIO,Bio-Rad Laboratories,health_care,2020-06-22,2024-09-23,2020-07-15,2010-01-01,2025-12-31,YES
0000012659,HRB,H&R Block,consumer_discretionary,1986-11-30,2020-09-21,2007-03-05,2010-01-01,2025-12-31,YES
0000012927,BA,Boeing,industrials,1957-03-04,,2007-03-05,2010-01-01,2025-12-31,YES
0000014272,BMY,Bristol Myers Squibb,health_care,1957-03-04,,2007-03-05,2010-01-01,2025-12-31,YES
0000014693,BF.B,Brown–Forman,consumer_staples,1982-10-31,,2007-03-05,2010-01-01,2025-12-31,YES
0000016732,CPB,Campbell's Company (The),consumer_staples,1957-03-04,2026-06-22,2007-03-05,2010-01-01,2025-12-31,YES
0000016918,STZ,Constellation Brands,consumer_staples,2005-07-01,,2007-03-05,2010-01-01,2025-12-31,YES
0000018230,CAT,Caterpillar Inc.,industrials,1957-03-04,,2007-03-05,2010-01-01,2025-12-31,YES
0000018926,CTL,CenturyLink Inc,communication_services,1999-03-25,2020-09-22,2007-03-05,2010-01-01,2025-12-31,YES
0000018926,LUMN,Lumen Technologies,communication_services,1999-03-25,2023-03-20,2020-09-22,2010-01-01,2025-12-31,YES
0000020520,FTR,Frontier Communications,communication_services,2008-08-21,2017-03-20,2008-08-21,2010-01-01,2025-12-31,YES
0000021076,CLX,Clorox,consumer_staples,1969-03-31,,2007-03-05,2010-01-01,2025-12-31,YES
0000021344,KO,Coca-Cola Company (The),consumer_staples,1957-03-04,,2007-03-05,2010-01-01,2025-12-31,YES
0000021665,CL,Colgate-Palmolive,consumer_staples,1957-03-04,,2007-03-05,2010-01-01,2025-12-31,YES
0000023082,CSC,Computer Sciences Corp.,information_technology,1981-06-30,2015-12-01,2007-03-05,2010-01-01,2025-12-31,YES
0000023217,CAG,Conagra Brands,consumer_staples,1983-08-31,2026-06-30,2007-03-05,2010-01-01,2025-12-31,YES
0000023666,SLE,Sara Lee Corp.,consumer_staples,2007-03-05,2012-06-29,2007-03-05,2010-01-01,2025-12-31,YES
0000024545,TAP,Molson Coors Beverage Company,consumer_staples,1976-06-30,2026-09-20,2007-03-05,2010-01-01,2025-12-31,YES
0000024741,GLW,Corning Inc.,information_technology,1995-02-27,,2007-03-05,2010-01-01,2025-12-31,YES
0000026172,CMI,Cummins,industrials,1965-03-31,,2007-03-05,2010-01-01,2025-12-31,YES
0000027419,TGT,Target Corporation,consumer_staples,1976-12-31,,2007-03-05,2010-01-01,2025-12-31,YES
0000027904,DAL,Delta Air Lines,industrials,2013-09-11,,2013-09-11,2010-01-01,2025-12-31,YES
0000029534,DG,Dollar General,consumer_staples,2012-12-03,,2012-12-05,2010-01-01,2025-12-31,YES
0000029669,RRD,Donnelley (R.R.) & Sons,industrials,2007-03-05,2012-12-11,2007-03-05,2010-01-01,2025-12-31,YES
0000029905,DOV,Dover Corporation,industrials,1985-10-31,,2007-03-05,2010-01-01,2025-12-31,YES
0000029915,DOW,Dow Chemical,materials,2007-03-05,2017-09-01,2007-03-05,2010-01-01,2025-12-31,YES
0000029989,OMC,Omnicom Group,communication_services,1997-12-31,,2007-03-05,2010-01-01,2025-12-31,YES
0000030554,DD,Du Pont (E.I.),materials,2007-03-05,2017-09-01,2007-03-05,2010-01-01,2025-12-31,YES
0000030625,FLS,Flowserve Corporation,industrials,2008-10-02,2021-03-22,2008-09-30,2010-01-01,2025-12-31,YES
0000031235,EK,Eastman Kodak,consumer_discretionary,2007-03-05,2010-12-17,2007-03-05,2010-01-01,2025-12-31,YES
0000031462,ECL,Ecolab,materials,1989-01-31,,2007-03-05,2010-01-01,2025-12-31,YES
0000031791,PKI,PerkinElmer,health_care,1985-05-31,2023-05-17,2007-03-05,2010-01-01,2025-12-31,YES
0000031791,RVTY,Revvity,health_care,1985-05-31,,2023-05-17,2010-01-01,2025-12-31,YES
0000032604,EMR,Emerson Electric,industrials,1965-03-31,,2007-03-05,2010-01-01,2025-12-31,YES
0000033185,EFX,Equifax,industrials,1997-06-19,,2007-03-05,2010-01-01,2025-12-31,YES
0000033213,EQT,EQT Corporation,energy,2008-12-19,2018-11-13,2009-03-07,2010-01-01,2025-12-31,YES
0000033213,EQT,EQT Corporation,energy,2022-10-03,,2022-10-03,2010-01-01,2025-12-31,YES
0000034408,FDO,Family Dollar Stores,consumer_discretionary,2007-03-05,2015-07-08,2007-03-05,2010-01-01,2025-12-31,YES
0000037748,MEE,Massey Energy Company,energy,2008-08-21,2011-06-01,2008-08-21,2010-01-01,2025-12-31,YES
0000037785,FMC,FMC Corporation,materials,2009-08-19,2025-03-24,2009-10-01,2010-01-01,2025-12-31,YES
0000037996,F,Ford Motor Company,consumer_discretionary,1957-03-04,,2007-03-05,2010-01-01,2025-12-31,YES
0000038074,FRX,Forest Laboratories,health_care,2007-03-05,2014-07-01,2007-03-05,2010-01-01,2025-12-31,YES
0000039899,GCI,Gannett Co.,consumer_discretionary,1975-12-31,2015-06-29,2007-03-05,2010-01-01,2025-12-31,YES
0000039899,TGNA,"Tegna, Inc.",consumer_discretionary,1975-12-31,2017-06-02,2015-06-29,2010-01-01,2025-12-31,YES
0000039911,GPS,Gap,consumer_discretionary,1986-08-31,2022-02-03,2007-03-05,2010-01-01,2025-12-31,YES
0000040533,GD,General Dynamics,industrials,1957-03-04,,2007-03-05,2010-01-01,2025-12-31,YES
0000040545,GE,GE Aerospace,industrials,1957-03-04,,2007-03-05,2010-01-01,2025-12-31,YES
0000040704,GIS,General Mills,consumer_staples,1957-03-04,,2007-03-05,2010-01-01,2025-12-31,YES
0000040987,GPC,Genuine Parts Company,consumer_discretionary,1973-12-31,,2007-03-05,2010-01-01,2025-12-31,YES
0000042542,GR,Goodrich Corporation,industrials,2007-03-05,2012-07-31,2007-03-05,2010-01-01,2025-12-31,YES
0000042582,GT,Goodyear Tire & Rubber,consumer_discretionary,2007-03-05,2019-02-27,2007-03-05,2010-01-01,2025-12-31,YES
0000045012,HAL,Halliburton,energy,1957-03-04,,2007-03-05,2010-01-01,2025-12-31,YES
0000046080,HAS,Hasbro,consumer_discretionary,1984-09-30,,2007-03-05,2010-01-01,2025-12-31,YES
0000046640,HNZ,Heinz (H.J.),consumer_staples,2007-03-05,2013-06-06,2007-03-05,2010-01-01,2025-12-31,YES
0000046765,HP,Helmerich & Payne,energy,2010-03-01,2020-05-22,2010-04-03,2010-01-01,2025-12-31,YES
0000047111,HSY,Hershey Company (The),consumer_staples,1957-03-04,,2007-03-05,2010-01-01,2025-12-31,YES
0000047217,HPQ,HP Inc.,information_technology,1974-12-31,,2007-03-05,2010-01-01,2025-12-31,YES
0000048039,HFC,HollyFrontier Corp,energy,2018-06-18,2021-06-04,2018-06-18,2010-01-01,2025-12-31,YES
0000048465,HRL,Hormel Foods,consumer_staples,2009-03-04,,2009-04-06,2010-01-01,2025-12-31,YES
0000048898,HUBB,Hubbell Incorporated,industrials,2023-10-18,,2023-10-17,2010-01-01,2025-12-31,YES
0000049071,HUM,Humana,health_care,2012-12-10,,2007-03-05,2010-01-01,2025-12-31,YES
0000049826,ITW,Illinois Tool Works,industrials,1986-02-28,,2007-03-05,2010-01-01,2025-12-31,YES
0000050104,ANDV,Andeavor,energy,2007-09-27,2018-10-01,2017-08-02,2010-01-01,2025-12-31,YES
0000050104,TSO,Tesoro Petroleum Co.,energy,2007-09-27,2017-08-01,2008-01-22,2010-01-01,2025-12-31,YES
0000050863,INTC,Intel,information_technology,1976-12-31,,2007-03-05,2010-01-01,2025-12-31,YES
0000051143,IBM,IBM,information_technology,1957-03-04,,2007-03-05,2010-01-01,2025-12-31,YES
0000051253,IFF,International Flavors & Fragrances,materials,1976-03-31,,2007-03-05,2010-01-01,2025-12-31,YES
0000051434,IP,International Paper,materials,1957-03-04,,2007-03-05,2010-01-01,2025-12-31,YES
0000051644,IPG,Interpublic Group of Companies (The),communication_services,1992-10-01,2025-11-28,2007-03-05,2010-01-01,2025-12-31,YES
0000052988,J,Jacobs Solutions,industrials,2007-10-26,,2019-12-18,2010-01-01,2025-12-31,YES
0000052988,JEC,Jacobs Engineering Group,industrials,2007-10-26,2019-12-10,2008-01-22,2010-01-01,2025-12-31,YES
0000054480,KSU,Kansas City Southern,industrials,2013-05-24,2021-12-14,2013-05-24,2010-01-01,2025-12-31,YES
0000055067,K,Kellanova,consumer_staples,1989-09-11,2025-12-11,2007-03-05,2010-01-01,2025-12-31,YES
0000055785,KMB,Kimberly-Clark,consumer_staples,1957-03-04,,2007-03-05,2010-01-01,2025-12-31,YES
0000056873,KR,Kroger,consumer_staples,1957-03-04,,2007-03-05,2010-01-01,2025-12-31,YES
0000058492,LEG,Leggett & Platt,consumer_discretionary,1999-10-14,2021-12-20,2007-03-05,2010-01-01,2025-12-31,YES
0000059478,LLY,Lilly (Eli),health_care,1970-12-31,,2007-03-05,2010-01-01,2025-12-31,YES
0000060667,LOW,Lowe's,consumer_discretionary,1984-02-29,,2007-03-05,2010-01-01,2025-12-31,YES
0000062996,MAS,Masco,industrials,1981-06-30,,2007-03-05,2010-01-01,2025-12-31,YES
0000063276,MAT,Mattel Inc.,consumer_discretionary,1982-03-31,2019-06-07,2007-03-05,2010-01-01,2025-12-31,YES
0000063754,MKC,McCormick & Company,consumer_staples,2003-03-20,,2007-03-05,2010-01-01,2025-12-31,YES
0000063908,MCD,McDonald's,consumer_discretionary,1970-06-30,,2007-03-05,2010-01-01,2025-12-31,YES
0000064803,CVS,CVS Health,health_care,1957-03-04,,2007-03-05,2010-01-01,2025-12-31,YES
0000065011,MDP,Meredith Corp.,consumer_discretionary,2007-03-05,2011-01-03,2007-03-05,2010-01-01,2025-12-31,YES
0000066479,MIL,Millipore Corp.,health_care,2007-03-05,2010-07-14,2007-03-05,2010-01-01,2025-12-31,YES
0000066740,MMM,3M,industrials,1957-03-04,,2007-03-05,2010-01-01,2025-12-31,YES
0000067472,MOLX,Molex Inc.,information_technology,2007-03-05,2013-12-10,2007-03-05,2010-01-01,2025-12-31,YES
0000068505,MSI,Motorola Solutions,information_technology,1957-03-04,,2011-03-09,2010-01-01,2025-12-31,YES
0000068505,MOT,Motorola Inc.,information_technology,2007-03-05,2011-03-09,2007-03-05,2010-01-01,2025-12-31,YES
0000070318,THC,Tenet Healthcare Corp.,health_care,1979-03-31,2016-04-18,2007-03-05,2010-01-01,2025-12-31,YES
0000070530,NSM,National Semiconductor,information_technology,2007-03-05,2011-09-23,2007-03-05,2010-01-01,2025-12-31,YES
0000071691,NYT,New York Times Cl. A,consumer_discretionary,2007-03-05,2010-12-17,2007-03-05,2010-01-01,2025-12-31,YES
0000072207,NBL,Noble Energy,energy,2007-10-08,2020-10-12,2008-01-22,2010-01-01,2025-12-31,YES
0000072331,NDSN,Nordson Corporation,industrials,2022-02-15,,2022-02-14,2010-01-01,2025-12-31,YES
0000072333,JWN,Nordstrom,consumer_discretionary,1986-08-31,2020-06-22,2007-03-05,2010-01-01,2025-12-31,YES
0000073309,NUE,Nucor,materials,1985-04-30,,2007-03-05,2010-01-01,2025-12-31,YES
0000075362,PCAR,Paccar,industrials,1980-12-31,,2007-03-05,2010-01-01,2025-12-31,YES
0000075677,PKG,Packaging Corporation of America,materials,2017-07-26,,2017-07-26,2010-01-01,2025-12-31,YES
0000075829,PLL,Pall Corp.,industrials,1987-12-31,2015-08-28,2007-03-05,2010-01-01,2025-12-31,YES
0000076334,PH,Parker Hannifin,industrials,1985-11-30,,2007-03-05,2010-01-01,2025-12-31,YES
0000076406,CLF,Cliffs Natural Resources,materials,2010-01-22,2014-04-02,2010-01-22,2010-01-01,2025-12-31,YES
0000077360,PNR,Pentair,industrials,2012-10-01,,2012-10-03,2010-01-01,2025-12-31,YES
0000077476,PEP,PepsiCo,consumer_staples,1957-03-04,,2007-03-05,2010-01-01,2025-12-31,YES
0000078003,PFE,Pfizer,health_care,1957-03-04,,2007-03-05,2010-01-01,2025-12-31,YES
0000078239,PVH,PVH,consumer_discretionary,2013-02-15,2022-09-19,2013-02-17,2010-01-01,2025-12-31,YES
0000078814,PBI,Pitney-Bowes,industrials,2007-03-05,2017-03-01,2007-03-05,2010-01-01,2025-12-31,YES
0000079879,PPG,PPG Industries,materials,1957-03-04,,2007-03-05,2010-01-01,2025-12-31,YES
0000079958,PCP,Precision Castparts,industrials,2007-06-01,2016-02-01,2007-05-31,2010-01-01,2025-12-31,YES
0000080424,PG,Procter & Gamble,consumer_staples,1957-03-04,,2007-03-05,2010-01-01,2025-12-31,YES
0000084839,ROL,"Rollins, Inc.",industrials,2018-10-01,,2018-10-01,2010-01-01,2025-12-31,YES
0000085408,RDC,Rowan Cos.,energy,1985-01-31,2014-08-18,2007-03-05,2010-01-01,2025-12-31,YES
0000085961,R,Ryder System,industrials,1982-12-31,2017-06-19,2007-03-05,2010-01-01,2025-12-31,YES
0000086144,SWY,Safeway Inc.,consumer_staples,2007-03-05,2015-01-27,2007-03-05,2010-01-01,2025-12-31,YES
0000087347,SLB,Schlumberger,energy,1957-03-04,,2007-03-05,2010-01-01,2025-12-31,YES
0000089800,SHW,Sherwin-Williams,materials,1964-06-30,,2007-03-05,2010-01-01,2025-12-31,YES
0000090185,SIAL,Sigma-Aldrich,materials,1994-09-01,2015-11-19,2007-03-05,2010-01-01,2025-12-31,YES
0000091142,AOS,A. O. Smith,industrials,2017-07-26,,2017-07-26,2010-01-01,2025-12-31,YES
0000091419,SJM,J.M. Smucker Company (The),consumer_staples,2008-11-06,,2008-11-05,2010-01-01,2025-12-31,YES
0000091440,SNA,Snap-on,industrials,1982-09-30,,2007-03-05,2010-01-01,2025-12-31,YES
0000092380,LUV,Southwest Airlines,industrials,1994-07-01,,2007-03-05,2010-01-01,2025-12-31,YES
0000093410,CVX,Chevron Corporation,energy,1957-03-04,,2007-03-05,2010-01-01,2025-12-31,YES
0000093556,SWK,Stanley Black & Decker,industrials,1982-09-30,,2007-03-05,2010-01-01,2025-12-31,YES
0000093556,BDK,Black & Decker Corp.,consumer_discretionary,2007-03-05,2010-04-03,2007-03-05,2010-01-01,2025-12-31,YES
0000095304,SUN,Sunoco Inc.,energy,2007-03-05,2012-10-10,2007-03-05,2010-01-01,2025-12-31,YES
0000095521,SVU,Supervalu Inc.,consumer_staples,2007-03-05,2012-04-23,2007-03-05,2010-01-01,2025-12-31,YES
0000096021,SYY,Sysco,consumer_staples,1986-12-31,,2007-03-05,2010-01-01,2025-12-31,YES
0000096289,RSH,RadioShack Corp,consumer_discretionary,2007-03-05,2011-06-30,2007-03-05,2010-01-01,2025-12-31,YES
0000096943,TFX,Teleflex,health_care,2019-01-18,2025-03-24,2019-01-22,2010-01-01,2025-12-31,YES
0000097210,TER,Teradyne Inc.,information_technology,2007-03-05,2013-12-23,2007-03-05,2010-01-01,2025-12-31,YES
0000097210,TER,Teradyne,information_technology,2020-09-21,,2020-10-01,2010-01-01,2025-12-31,YES
0000097476,TXN,Texas Instruments,information_technology,2001-03-12,,2007-03-05,2010-01-01,2025-12-31,YES
0000097745,TMO,Thermo Fisher Scientific,health_care,2004-08-03,,2007-03-05,2010-01-01,2025-12-31,YES
0000098246,TIF,Tiffany & Co.,consumer_discretionary,2000-06-21,2021-01-07,2007-03-05,2010-01-01,2025-12-31,YES
0000100493,TSN,Tyson Foods,consumer_staples,2005-08-10,,2007-03-05,2010-01-01,2025-12-31,YES
0000100517,UAL,United Airlines Holdings,industrials,2015-09-03,,2015-09-03,2010-01-01,2025-12-31,YES
0000100885,UNP,Union Pacific Corporation,industrials,1957-03-04,,2007-03-05,2010-01-01,2025-12-31,YES
0000101778,MRO,Marathon Oil,energy,1957-03-04,2024-11-26,2007-03-05,2010-01-01,2025-12-31,YES
0000101829,RTX,RTX Corporation,industrials,1957-03-04,,2020-04-03,2010-01-01,2025-12-31,YES
0000101829,UTX,United Technologies,industrials,2007-03-05,2020-04-03,2007-03-05,2010-01-01,2025-12-31,YES
0000101830,S,Sprint Nextel Corp.,communication_services,2007-03-05,2013-07-08,2007-03-05,2010-01-01,2025-12-31,YES
0000103379,VFC,VF Corporation,consumer_discretionary,1979-06-30,2024-04-03,2007-03-05,2010-01-01,2025-12-31,YES
0000104169,WMT,Walmart,consumer_staples,1982-08-31,,2007-03-05,2010-01-01,2025-12-31,YES
0000104207,WAG,Walgreen Co.,consumer_staples,1979-12-31,2015-01-02,2007-03-05,2010-01-01,2025-12-31,YES
0000104889,WPO,Washington Post Co B,consumer_discretionary,2008-01-22,2013-12-09,2008-01-22,2010-01-01,2025-12-31,YES
0000104889,GHC,Graham Holdings Company,consumer_discretionary,2013-12-09,2014-09-20,2013-12-09,2010-01-01,2025-12-31,YES
0000105634,EME,Emcor,industrials,2025-09-22,,2025-09-22,2010-01-01,2025-12-31,YES
0000105770,WST,West Pharmaceutical Services,health_care,2020-05-22,,2020-05-23,2010-01-01,2025-12-31,YES
0000106040,WDC,Western Digital,information_technology,2009-07-01,,2009-07-04,2010-01-01,2025-12-31,YES
0000106640,WHR,Whirlpool Corporation,consumer_discretionary,1958-03-31,2024-03-18,2007-03-05,2010-01-01,2025-12-31,YES
0000107263,WMB,Williams Companies,energy,1975-03-31,,2007-03-05,2010-01-01,2025-12-31,YES
0000109198,TJX,TJX Companies,consumer_discretionary,1985-09-30,,2007-03-05,2010-01-01,2025-12-31,YES
0000200406,JNJ,Johnson & Johnson,health_care,1973-06-30,,2007-03-05,2010-01-01,2025-12-31,YES
0000202058,HRS,Harris Corporation,industrials,2008-09-22,2019-07-01,2008-09-16,2010-01-01,2025-12-31,YES
0000202058,LHX,L3Harris,industrials,2008-09-22,,2019-07-01,2010-01-01,2025-12-31,YES
0000203077,STJ,St Jude Medical,health_care,1989-11-30,2017-01-05,2007-03-05,2010-01-01,2025-12-31,YES
0000203527,VAR,Varian Medical Systems,health_care,2007-02-12,2021-04-20,2007-03-05,2010-01-01,2025-12-31,YES
0000216228,ITT,ITT Corporation,industrials,2007-03-05,2011-10-31,2007-03-05,2010-01-01,2025-12-31,YES
0000217346,TXT,Textron,industrials,1978-12-31,,2007-03-05,2010-01-01,2025-12-31,YES
0000277135,GWW,W. W. Grainger,industrials,1981-06-30,,2007-03-05,2010-01-01,2025-12-31,YES
0000277948,CSX,CSX Corporation,industrials,1957-03-04,,2007-03-05,2010-01-01,2025-12-31,YES
0000310158,MRK,Merck & Co.,health_care,1957-03-04,,2007-03-05,2010-01-01,2025-12-31,YES
0000310158,SGPPRB,Schering-Plough,health_care,2009-12-31,2010-01-22,2009-12-31,2010-01-01,2025-12-31,YES
0000310764,SYK,Stryker Corporation,health_care,2000-12-12,,2007-03-05,2010-01-01,2025-12-31,YES
0000313616,DHR,Danaher Corporation,health_care,1998-11-18,,2007-03-05,2010-01-01,2025-12-31,YES
0000313927,CHD,Church & Dwight,consumer_staples,2015-12-29,,2015-12-28,2010-01-01,2025-12-31,YES
0000314808,ESV,Ensco plc,energy,2012-07-31,2016-03-30,2012-08-01,2010-01-01,2025-12-31,YES
0000315189,DE,Deere & Company,industrials,1957-03-04,,2007-03-05,2010-01-01,2025-12-31,YES
0000315213,RHI,Robert Half,industrials,2000-12-05,2024-06-24,2007-03-05,2010-01-01,2025-12-31,YES
0000315852,RRC,Range Resources Corp.,energy,2007-12-21,2018-06-18,2008-01-22,2010-01-01,2025-12-31,YES
0000316206,HOT,Starwood Hotels & Resorts,consumer_discretionary,2007-03-05,2016-09-22,2007-03-05,2010-01-01,2025-12-31,YES
0000317771,TLAB,Tellabs Inc.,information_technology,2007-03-05,2011-12-20,2007-03-05,2010-01-01,2025-12-31,YES
0000318154,AMGN,Amgen,health_care,1992-01-02,,2007-03-05,2010-01-01,2025-12-31,YES
0000319201,KLAC,KLA Corporation,information_technology,1997-09-30,,2007-03-05,2010-01-01,2025-12-31,YES
0000320187,NKE,"Nike, Inc.",consumer_discretionary,1988-11-30,,2007-03-05,2010-01-01,2025-12-31,YES
0000320193,AAPL,Apple Inc.,information_technology,1982-11-30,,2007-03-05,2010-01-01,2025-12-31,YES
0000350698,AN,AutoNation Inc,consumer_discretionary,2007-03-05,2017-08-08,2007-03-05,2010-01-01,2025-12-31,YES
0000352915,UHS,Universal Health Services,health_care,2014-09-20,,2014-09-27,2010-01-01,2025-12-31,YES
0000353944,IGT,International Game Technology,consumer_discretionary,2007-03-05,2014-06-20,2007-03-05,2010-01-01,2025-12-31,YES
0000354908,FLIR,FLIR Systems,information_technology,2009-01-02,2021-05-14,2009-03-07,2010-01-01,2025-12-31,YES
0000354950,HD,Home Depot (The),consumer_discretionary,1988-03-31,,2007-03-05,2010-01-01,2025-12-31,YES
0000356028,CA,"CA, Inc.",information_technology,1987-07-31,2018-11-06,2007-03-05,2010-01-01,2025-12-31,YES
0000701985,BBWI,"Bath & Body Works, Inc.",consumer_discretionary,1983-09-30,2024-10-01,2021-08-03,2010-01-01,2025-12-31,YES
0000701985,LB,L Brands,consumer_discretionary,1983-09-30,2021-08-03,2013-12-09,2010-01-01,2025-12-31,YES
0000701985,LTD,L Brands Inc.,consumer_discretionary,2007-03-05,2013-12-09,2007-03-05,2010-01-01,2025-12-31,YES
0000702165,NSC,Norfolk Southern,industrials,1957-03-04,,2007-03-05,2010-01-01,2025-12-31,YES
0000703360,LSI,LSI Corporation,information_technology,2007-03-05,2014-05-08,2007-03-05,2010-01-01,2025-12-31,YES
0000707549,LRCX,Lam Research,information_technology,2012-06-29,,2012-06-06,2010-01-01,2025-12-31,YES
0000709519,JAVA,Sun Microsystems,information_technology,2007-09-11,2010-02-05,2007-09-11,2010-01-01,2025-12-31,YES
0000711404,COO,Cooper Companies (The),health_care,2016-09-23,,2016-09-26,2010-01-01,2025-12-31,YES
0000712515,EA,Electronic Arts,communication_services,2002-07-22,2026-08-05,2011-12-20,2010-01-01,2025-12-31,YES
0000712515,ERTS,Electronic Arts,information_technology,2007-03-05,2011-12-20,2007-03-05,2010-01-01,2025-12-31,YES
0000717423,MUR,Murphy Oil,energy,2007-03-05,2017-07-26,2007-03-05,2010-01-01,2025-12-31,YES
0000718877,ATVI,Activision Blizzard,communication_services,2015-08-31,2023-10-18,2015-09-03,2010-01-01,2025-12-31,YES
0000719955,WSM,"Williams-Sonoma, Inc.",consumer_discretionary,2025-03-24,,2025-03-25,2010-01-01,2025-12-31,YES
0000721083,SII,Smith International,energy,2007-03-05,2010-08-26,2007-03-05,2010-01-01,2025-12-31,YES
0000721371,CAH,Cardinal Health,health_care,1997-05-27,,2007-03-05,2010-01-01,2025-12-31,YES
0000721683,TSS,Total System Services,information_technology,2008-01-02,2019-09-23,2008-01-22,2010-01-01,2025-12-31,YES
0000723125,MU,Micron Technology,information_technology,1994-09-27,,2007-03-05,2010-01-01,2025-12-31,YES
0000723254,CTAS,Cintas,industrials,2001-03-01,,2007-03-05,2010-01-01,2025-12-31,YES
0000723531,PAYX,Paychex,industrials,1998-10-01,,2007-03-05,2010-01-01,2025-12-31,YES
0000728535,JBHT,J.B. Hunt,industrials,2015-07-01,,2015-07-01,2010-01-01,2025-12-31,YES
0000730464,DV,"DeVry, Inc.",consumer_discretionary,2009-06-10,2012-10-01,2009-06-10,2010-01-01,2025-12-31,YES
0000731766,UNH,UnitedHealth Group,health_care,1994-07-01,,2007-03-05,2010-01-01,2025-12-31,YES
0000732485,GENZ,Genzyme Corp.,health_care,2007-03-05,2011-04-01,2007-03-05,2010-01-01,2025-12-31,YES
0000732712,VZ,Verizon,communication_services,1983-11-30,,2007-03-05,2010-01-01,2025-12-31,YES
0000732717,T,AT&T,communication_services,1983-11-30,,2007-03-05,2010-01-01,2025-12-31,YES
0000743316,MXIM,Maxim Integrated,information_technology,2018-12-03,2021-08-30,2018-11-30,2010-01-01,2025-12-31,YES
0000743988,XLNX,Xilinx,information_technology,1999-11-08,2022-02-15,2007-03-05,2010-01-01,2025-12-31,YES
0000745732,ROST,Ross Stores,consumer_discretionary,2009-12-21,,2010-01-22,2010-01-01,2025-12-31,YES
0000746515,EXPD,Expeditors International,industrials,2007-10-10,,2008-01-22,2010-01-01,2025-12-31,YES
0000749251,IT,Gartner,information_technology,2017-04-05,,2017-04-10,2010-01-01,2025-12-31,YES
0000758004,NOVL,Novell Inc.,information_technology,2007-03-05,2011-04-27,2007-03-05,2010-01-01,2025-12-31,YES
0000764180,MO,Altria,consumer_staples,1957-03-04,,2007-03-05,2010-01-01,2025-12-31,YES
0000764478,BBY,Best Buy,consumer_discretionary,1999-06-29,,2007-03-05,2010-01-01,2025-12-31,YES
0000766421,ALK,Alaska Air Group,industrials,2016-05-13,2023-12-18,2016-05-12,2010-01-01,2025-12-31,YES
0000768251,ALTR,Altera Corp,information_technology,2007-03-05,2015-12-29,2007-03-05,2010-01-01,2025-12-31,YES
0000768835,BIG,Big Lots Inc.,consumer_discretionary,2007-03-05,2013-02-15,2007-03-05,2010-01-01,2025-12-31,YES
0000769397,ADSK,Autodesk,information_technology,1989-12-01,,2007-03-05,2010-01-01,2025-12-31,YES
0000773840,HON,Honeywell Technologies,industrials,1957-03-04,,2007-03-05,2010-01-01,2025-12-31,YES
0000773910,APC,Anadarko Petroleum,energy,1997-07-28,2019-08-09,2007-03-05,2010-01-01,2025-12-31,YES
0000789019,MSFT,Microsoft,information_technology,1994-06-01,,2007-03-05,2010-01-01,2025-12-31,YES
0000789073,FO,Fortune Brands Inc.,consumer_discretionary,2007-03-05,2011-10-04,2007-03-05,2010-01-01,2025-12-31,YES
0000789073,BEAM,Beam Inc.,consumer_staples,2011-11-21,2014-05-01,2011-11-21,2010-01-01,2025-12-31,YES
0000789570,MGM,MGM Resorts,consumer_discretionary,2017-07-26,,2017-07-26,2010-01-01,2025-12-31,YES
0000790070,EMC,EMC Corp.,information_technology,2007-03-05,2016-09-08,2007-03-05,2010-01-01,2025-12-31,YES
0000791519,SPLS,Staples Inc.,consumer_discretionary,1998-10-07,2017-09-18,2007-03-05,2010-01-01,2025-12-31,YES
0000791907,LLTC,Linear Technology Corp.,information_technology,2007-03-05,2017-03-13,2007-03-05,2010-01-01,2025-12-31,YES
0000793952,HOG,Harley-Davidson,consumer_discretionary,2007-03-05,2020-06-22,2007-03-05,2010-01-01,2025-12-31,YES
0000794323,LVLT,Level 3 Communications,communication_services,2014-11-05,2017-10-13,2014-11-05,2010-01-01,2025-12-31,YES
0000794367,M,Macy's Inc.,consumer_discretionary,2007-07-24,2020-04-06,2007-07-24,2010-01-01,2025-12-31,YES
0000796343,ADBE,Adobe Inc.,information_technology,1997-05-05,,2007-03-05,2010-01-01,2025-12-31,YES
0000797468,OXY,Occidental Petroleum,energy,1957-03-04,,2007-03-05,2010-01-01,2025-12-31,YES
0000800240,ODP,Office Depot,consumer_discretionary,2007-03-05,2010-12-17,2007-03-05,2010-01-01,2025-12-31,YES
0000800459,HAR,Harman Int'l Industries,consumer_discretionary,2007-03-05,2017-03-16,2007-03-05,2010-01-01,2025-12-31,YES
0000801898,JOY,Joy Global Inc.,industrials,2011-02-28,2015-10-07,2011-12-14,2010-01-01,2025-12-31,YES
0000801898,JOYG,Joy Global Inc.,industrials,2011-03-09,2011-12-06,2011-03-09,2010-01-01,2025-12-31,YES
0000804212,ARG,Airgas Inc,materials,2009-09-09,2016-05-23,2010-07-12,2010-01-01,2025-12-31,YES
0000804328,QCOM,Qualcomm,information_technology,1999-07-22,,2007-03-05,2010-01-01,2025-12-31,YES
0000804753,CERN,Cerner,health_care,2010-04-30,2022-06-08,2010-05-05,2010-01-01,2025-12-31,YES
0000812074,OI,Owens-Illinois Inc,materials,2009-01-02,2016-12-02,2009-03-07,2010-01-01,2025-12-31,YES
0000813672,CDNS,Cadence Design Systems,information_technology,2017-09-18,,2017-09-16,2010-01-01,2025-12-31,YES
0000813828,CBS,CBS Corp.,communication_services,1994-09-01,2019-12-05,2007-03-05,2010-01-01,2025-12-31,YES
0000813828,PARA,Paramount Global,communication_services,1994-09-30,2025-08-08,2022-02-17,2010-01-01,2025-12-31,YES
0000813828,VIAC,ViacomCBS,communication_services,2019-12-05,2022-02-19,2019-12-05,2010-01-01,2025-12-31,YES
0000814453,NWL,Newell Brands,consumer_discretionary,1989-04-30,2023-09-18,2007-03-05,2010-01-01,2025-12-31,YES
0000814547,FICO,Fair Isaac,information_technology,2023-03-20,,2023-03-19,2010-01-01,2025-12-31,YES
0000815094,ABMD,Abiomed,health_care,2018-05-31,2022-12-22,2018-05-31,2010-01-01,2025-12-31,YES
0000815097,CCL,Carnival Corporation,consumer_discretionary,1998-12-22,,2007-03-05,2010-01-01,2025-12-31,YES
0000815556,FAST,Fastenal,industrials,2008-09-15,,2008-09-11,2010-01-01,2025-12-31,YES
0000816284,CELG,Celgene Corp.,health_care,2006-11-06,2019-11-21,2007-03-05,2010-01-01,2025-12-31,YES
0000816761,TDC,Teradata Corp.,information_technology,2007-10-01,2017-06-19,2008-01-22,2010-01-01,2025-12-31,YES
0000818479,XRAY,Dentsply Sirona,health_care,2008-11-14,2024-04-03,2009-06-01,2010-01-01,2025-12-31,YES
0000820313,APH,Amphenol,information_technology,2008-09-30,,2010-07-12,2010-01-01,2025-12-31,YES
0000821189,EOG,EOG Resources,energy,2000-11-02,,2007-03-05,2010-01-01,2025-12-31,YES
0000822416,PHM,PulteGroup,consumer_discretionary,1984-04-30,,2007-03-05,2010-01-01,2025-12-31,YES
0000823768,WM,Waste Management,industrials,1998-08-31,,2009-08-11,2010-01-01,2025-12-31,YES
0000826083,DELL,Dell Inc.,information_technology,2007-03-05,2013-10-29,2007-03-05,2010-01-01,2025-12-31,YES
0000827054,MCHP,Microchip Technology,information_technology,2007-09-07,,2007-08-30,2010-01-01,2025-12-31,YES
0000829224,SBUX,Starbucks,consumer_discretionary,2000-06-07,,2007-03-05,2010-01-01,2025-12-31,YES
0000831259,FCX,Freeport-McMoRan,materials,2011-07-01,,2007-03-05,2010-01-01,2025-12-31,YES
0000832101,IEX,IDEX Corporation,industrials,2019-08-09,,2019-08-12,2010-01-01,2025-12-31,YES
0000832988,SIG,Signet Jewelers,consumer_discretionary,2015-07-29,2018-03-19,2015-07-30,2010-01-01,2025-12-31,YES
0000833444,JCI,Johnson Controls,industrials,2010-08-27,,2007-03-05,2010-01-01,2025-12-31,YES
0000833444,TYC,Tyco International,industrials,2010-08-27,2016-09-06,2010-08-31,2010-01-01,2025-12-31,YES
0000835729,BMC,BMC Software,information_technology,2007-03-05,2013-09-10,2007-03-05,2010-01-01,2025-12-31,YES
0000836106,NVLS,Novellus Systems,information_technology,2007-03-05,2012-06-05,2007-03-05,2010-01-01,2025-12-31,YES
0000842023,TECH,Bio-Techne,health_care,2021-08-30,,2021-08-28,2010-01-01,2025-12-31,YES
0000849395,CRH,CRH plc,materials,2025-12-22,,2026-01-01,2010-01-01,2025-12-31,YES
0000849399,GEN,Gen Digital,information_technology,2003-03-25,,2022-11-09,2010-01-01,2025-12-31,YES
0000849399,NLOK,NortonLifeLock,information_technology,2003-03-25,2022-11-09,2019-11-06,2010-01-01,2025-12-31,YES
0000849399,SYMC,Symantec Corp.,information_technology,2003-03-25,2019-11-06,2007-03-05,2010-01-01,2025-12-31,YES
0000850209,FL,Foot Locker Inc,consumer_discretionary,2016-04-04,2019-08-09,2016-04-01,2010-01-01,2025-12-31,YES
0000850693,AGN,Allergan Inc,health_care,1992-02-07,2015-03-23,2007-03-05,2010-01-01,2025-12-31,YES
0000851968,MHK,Mohawk Industries,consumer_discretionary,2013-12-23,2025-12-22,2013-12-21,2010-01-01,2025-12-31,YES
0000857005,PTC,PTC Inc.,information_technology,2021-04-20,,2021-04-22,2010-01-01,2025-12-31,YES
0000858470,COG,Cabot Oil & Gas,energy,2008-06-23,2021-10-03,2008-08-21,2010-01-01,2025-12-31,YES
0000858470,CTRA,Coterra,energy,2008-06-23,2026-05-07,2021-10-03,2010-01-01,2025-12-31,YES
0000858877,CSCO,Cisco,information_technology,1993-12-01,,2007-03-05,2010-01-01,2025-12-31,YES
0000859014,CPWR,Compuware Corp.,information_technology,2007-03-05,2011-12-31,2007-03-05,2010-01-01,2025-12-31,YES
0000859737,HOLX,Hologic,health_care,2016-03-30,2026-04-09,2016-03-30,2010-01-01,2025-12-31,YES
0000860730,HCA,HCA Healthcare,health_care,2015-01-27,,2015-01-27,2010-01-01,2025-12-31,YES
0000860731,TYL,Tyler Technologies,information_technology,2020-06-22,,2020-07-15,2010-01-01,2025-12-31,YES
0000861878,SRCL,Stericycle Inc,industrials,2008-11-19,2018-12-03,2009-06-01,2010-01-01,2025-12-31,YES
0000863157,PETM,"PetSmart, Inc.",consumer_discretionary,2012-10-10,2015-03-12,2012-10-11,2010-01-01,2025-12-31,YES
0000864328,BJS,BJ Services Company,energy,2007-03-05,2010-04-29,2007-03-05,2010-01-01,2025-12-31,YES
0000864749,TRMB,Trimble Inc.,information_technology,2021-01-21,,2021-01-25,2010-01-01,2025-12-31,YES
0000865436,WFMI,Whole Foods Market,consumer_staples,2007-03-05,2011-05-20,2007-03-05,2010-01-01,2025-12-31,YES
0000865436,WFM,Whole Foods Market,consumer_staples,2011-05-25,2017-08-29,2011-05-25,2010-01-01,2025-12-31,YES
0000865752,MNST,Monster Beverage,consumer_staples,2012-06-28,,2012-06-30,2010-01-01,2025-12-31,YES
0000866787,AZO,AutoZone,consumer_discretionary,1997-01-02,,2007-03-05,2010-01-01,2025-12-31,YES
0000868809,XTO,XTO Energy Inc.,energy,2007-03-05,2010-06-28,2007-03-05,2010-01-01,2025-12-31,YES
0000872589,REGN,Regeneron Pharmaceuticals,health_care,2013-05-01,,2013-05-01,2010-01-01,2025-12-31,YES
0000873364,CEPH,Cephalon Inc,health_care,2009-06-01,2011-10-14,2009-06-01,2010-01-01,2025-12-31,YES
0000874716,IDXX,Idexx Laboratories,health_care,2017-01-05,,2017-01-05,2010-01-01,2025-12-31,YES
0000875045,BIIB,Biogen,health_care,2003-11-13,,2007-03-05,2010-01-01,2025-12-31,YES
0000875320,VRTX,Vertex Pharmaceuticals,health_care,2013-09-23,,2013-11-03,2010-01-01,2025-12-31,YES
0000877212,ZBRA,Zebra Technologies,information_technology,2019-12-23,,2019-12-31,2010-01-01,2025-12-31,YES
0000877890,CTXS,Citrix,information_technology,1999-12-01,2022-10-03,2007-03-05,2010-01-01,2025-12-31,YES
0000878927,ODFL,Old Dominion,industrials,2019-12-09,,2019-12-08,2010-01-01,2025-12-31,YES
0000879169,INCY,Incyte,health_care,2017-02-28,,2017-02-28,2010-01-01,2025-12-31,YES
0000882095,GILD,Gilead Sciences,health_care,2004-07-01,,2007-03-05,2010-01-01,2025-12-31,YES
0000882184,DHI,D. R. Horton,consumer_discretionary,2005-06-22,,2007-03-05,2010-01-01,2025-12-31,YES
0000882835,ROP,Roper Technologies,information_technology,2009-12-23,,2009-12-20,2010-01-01,2025-12-31,YES
0000883241,SNPS,Synopsys,information_technology,2017-03-16,,2017-03-15,2010-01-01,2025-12-31,YES
0000883569,FOSL,"Fossil, Inc.",consumer_discretionary,2012-04-04,2016-01-05,2012-04-07,2010-01-01,2025-12-31,YES
0000884629,WPI,Watson Pharmaceuticals,health_care,2007-03-05,2013-01-24,2007-03-05,2010-01-01,2025-12-31,YES
0000884629,ACT,Actavis plc,health_care,2013-01-24,2015-06-15,2013-01-24,2010-01-01,2025-12-31,YES
0000884887,RCL,Royal Caribbean Group,consumer_discretionary,2014-12-05,,2014-12-04,2010-01-01,2025-12-31,YES
0000884905,PX,Praxair Inc.,materials,1992-07-01,2018-11-01,2007-03-05,2010-01-01,2025-12-31,YES
0000885639,KSS,Kohl's Corp.,consumer_discretionary,2007-03-05,2020-09-21,2007-03-05,2010-01-01,2025-12-31,YES
0000885725,BSX,Boston Scientific,health_care,1995-02-24,,2007-03-05,2010-01-01,2025-12-31,YES
0000886158,BBBY,Bed Bath & Beyond,consumer_discretionary,2007-03-05,2017-07-26,2007-03-05,2010-01-01,2025-12-31,YES
0000890801,MFE,McAfee,information_technology,2008-12-30,2011-02-28,2008-12-30,2010-01-01,2025-12-31,YES
0000891024,PDCO,Patterson Companies,health_care,2005-10-11,2018-03-19,2007-03-05,2010-01-01,2025-12-31,YES
0000891103,MTCH,Match Group,communication_services,2021-09-20,2026-03-23,2021-09-21,2010-01-01,2025-12-31,YES
0000895126,CHK,Chesapeake Energy,energy,2007-03-05,2018-03-19,2007-03-05,2010-01-01,2025-12-31,YES
0000895126,EXE,Expand Energy,energy,2025-03-24,,2025-03-25,2010-01-01,2025-12-31,YES
0000895930,EVHC,Envision Healthcare,health_care,2016-12-02,2018-10-11,2016-12-05,2010-01-01,2025-12-31,YES
0000896878,INTU,Intuit,information_technology,2000-12-05,,2007-03-05,2010-01-01,2025-12-31,YES
0000898173,ORLY,O'Reilly Automotive,consumer_discretionary,2009-03-27,,2009-04-06,2010-01-01,2025-12-31,YES
0000898293,JBL,Jabil Circuit,information_technology,2007-03-05,2014-11-05,2007-03-05,2010-01-01,2025-12-31,YES
0000898293,JBL,Jabil,information_technology,2023-12-18,,2023-12-16,2010-01-01,2025-12-31,YES
0000899866,ALXN,Alexion Pharmaceuticals,health_care,2012-05-25,2021-07-21,2012-05-29,2010-01-01,2025-12-31,YES
0000900075,CPRT,Copart,industrials,2018-07-02,,2018-07-03,2010-01-01,2025-12-31,YES
0000906163,NVR,"NVR, Inc.",consumer_discretionary,2019-09-26,,2019-09-27,2010-01-01,2025-12-31,YES
0000906709,NKTR,Nektar Therapeutics,health_care,2018-03-19,2019-10-03,2018-03-18,2010-01-01,2025-12-31,YES
0000908255,BWA,BorgWarner,consumer_discretionary,2011-12-19,2025-03-24,2011-12-29,2010-01-01,2025-12-31,YES
0000909832,COST,Costco,consumer_staples,1993-10-01,,2007-03-05,2010-01-01,2025-12-31,YES
0000909954,GMCR,Keurig Green Mountain,consumer_staples,2014-03-24,2016-03-07,2014-03-23,2010-01-01,2025-12-31,YES
0000910521,DECK,Deckers Brands,consumer_discretionary,2024-03-18,,2024-03-17,2010-01-01,2025-12-31,YES
0000912093,JDSU,JDS Uniphase Corp.,information_technology,2007-03-05,2013-12-23,2007-03-05,2010-01-01,2025-12-31,YES
0000912615,URBN,Urban Outfitters,consumer_discretionary,2010-02-08,2017-03-20,2010-04-03,2010-01-01,2025-12-31,YES
0000912750,NFX,Newfield Exploration Co,energy,2010-12-20,2019-02-15,2011-03-09,2010-01-01,2025-12-31,YES
0000915389,EMN,Eastman Chemical Company,materials,1994-01-01,2025-11-04,2007-03-05,2010-01-01,2025-12-31,YES
0000915913,ALB,Albemarle Corporation,materials,2016-07-01,,2016-07-01,2010-01-01,2025-12-31,YES
0000916076,MLM,Martin Marietta Materials,materials,2014-07-02,,2014-07-01,2010-01-01,2025-12-31,YES
0000916365,TSCO,Tractor Supply,consumer_discretionary,2014-01-24,,2014-01-31,2010-01-01,2025-12-31,YES
0000918160,AKS,AK Steel Hldg Corp,materials,2008-08-21,2011-12-16,2008-08-21,2010-01-01,2025-12-31,YES
0000918386,QLGC,QLogic Corp.,information_technology,2007-03-05,2011-03-09,2007-03-05,2010-01-01,2025-12-31,YES
0000920148,LH,Labcorp,health_care,2004-11-01,,2007-03-05,2010-01-01,2025-12-31,YES
0000920760,LEN,Lennar,consumer_discretionary,2005-10-04,,2007-03-05,2010-01-01,2025-12-31,YES
0000921738,PENN,Penn Entertainment,consumer_discretionary,2021-03-22,2022-09-19,2021-03-22,2010-01-01,2025-12-31,YES
0000927066,DVA,DaVita,health_care,2008-07-31,,2008-08-21,2010-01-01,2025-12-31,YES
0000927653,MCK,McKesson Corporation,health_care,1999-01-13,,2007-03-05,2010-01-01,2025-12-31,YES
0000929887,APOL,Apollo Group Inc,consumer_discretionary,2007-03-05,2013-07-01,2007-03-05,2010-01-01,2025-12-31,YES
0000931336,DF,Dean Foods,consumer_staples,2007-03-05,2013-05-23,2007-03-05,2010-01-01,2025-12-31,YES
0000934612,BNI,Burlington Northern Santa Fe Corp.,industrials,2007-03-05,2010-01-27,2007-03-05,2010-01-01,2025-12-31,YES
0000935703,DLTR,Dollar Tree,consumer_staples,2011-12-19,,2011-12-29,2010-01-01,2025-12-31,YES
0000936468,LMT,Lockheed Martin,industrials,1957-03-04,,2007-03-05,2010-01-01,2025-12-31,YES
0000940944,DRI,Darden Restaurants,consumer_discretionary,1995-05-31,,2007-03-05,2010-01-01,2025-12-31,YES
0000941548,CAM,Cameron International Corp.,energy,2008-01-29,2016-04-04,2008-08-21,2010-01-01,2025-12-31,YES
0000943452,WAB,Wabtec,industrials,2019-02-27,,2019-02-27,2010-01-01,2025-12-31,YES
0000943819,RMD,ResMed|,health_care,2017-07-26,,2017-07-26,2010-01-01,2025-12-31,YES
0000945436,WFR,MEMC Electronic Materials,information_technology,2008-01-22,2011-12-16,2008-01-22,2010-01-01,2025-12-31,YES
0000945764,DNR,Denbury Resources Inc.,energy,2009-04-06,2015-03-23,2009-04-06,2010-01-01,2025-12-31,YES
0000945841,POOL,Pool Corporation,consumer_discretionary,2020-10-07,2026-06-22,2020-10-09,2010-01-01,2025-12-31,YES
0000946581,TTWO,Take-Two Interactive,communication_services,2018-03-19,,2018-03-18,2010-01-01,2025-12-31,YES
0000949039,DO,Diamond Offshore Drilling,energy,2009-02-26,2016-09-30,2009-03-07,2010-01-01,2025-12-31,YES
0001000180,SNDK,SanDisk Corporation,information_technology,2007-03-05,2016-05-13,2007-03-05,2010-01-01,2025-12-31,YES
0001000228,HSIC,Henry Schein,health_care,2015-03-17,,2015-03-17,2010-01-01,2025-12-31,YES
0001000697,WAT,Waters Corporation,health_care,2002-01-02,,2007-03-05,2010-01-01,2025-12-31,YES
0001001082,DISH,Dish Network,communication_services,2017-03-13,2023-06-20,2017-03-11,2010-01-01,2025-12-31,YES
0001001250,EL,Estée Lauder Companies (The),consumer_staples,2006-01-05,,2007-03-05,2010-01-01,2025-12-31,YES
0001001288,LXK,Lexmark Int'l Inc,information_technology,2007-03-05,2012-10-01,2007-03-05,2010-01-01,2025-12-31,YES
0001002047,NTAP,NetApp,information_technology,1999-06-25,,2007-03-05,2010-01-01,2025-12-31,YES
0001011006,YHOO,Yahoo Inc.,information_technology,1999-12-08,2017-06-19,2007-03-05,2010-01-01,2025-12-31,YES
0001011657,TIE,Titanium Metals Corp,materials,2008-01-22,2012-12-21,2008-01-22,2010-01-01,2025-12-31,YES
0001012100,SEE,Sealed Air,materials,1957-03-04,2023-12-18,2007-03-05,2010-01-01,2025-12-31,YES
0001013462,ANSS,Ansys,information_technology,2017-06-19,2025-07-18,2017-06-17,2010-01-01,2025-12-31,YES
0001014473,VRSN,Verisign,information_technology,2006-02-01,,2007-03-05,2010-01-01,2025-12-31,YES
0001018724,AMZN,Amazon,consumer_discretionary,2005-11-18,,2007-03-05,2010-01-01,2025-12-31,YES
0001018840,ANF,Abercrombie & Fitch Company A,consumer_discretionary,2008-01-22,2013-12-23,2008-01-22,2010-01-01,2025-12-31,YES
0001018963,ATI,Allegheny Technologies Inc,materials,1978-12-31,2015-07-02,2007-03-05,2010-01-01,2025-12-31,YES
0001020416,MWW,Monster Worldwide,industrials,2009-01-02,2011-12-16,2009-01-02,2010-01-01,2025-12-31,YES
0001021860,NOV,Nov,energy,2005-03-14,2021-09-20,2007-03-05,2010-01-01,2025-12-31,YES
0001022079,DGX,Quest Diagnostics,health_care,2002-12-12,,2007-03-05,2010-01-01,2025-12-31,YES
0001022671,STLD,Steel Dynamics,materials,2022-12-22,,2022-12-22,2010-01-01,2025-12-31,YES
0001024305,COTY,"Coty, Inc",consumer_staples,2016-10-03,2020-09-21,2016-09-30,2010-01-01,2025-12-31,YES
0001024478,ROK,Rockwell Automation,industrials,2000-03-12,,2007-03-05,2010-01-01,2025-12-31,YES
0001035002,VLO,Valero Energy,energy,2002-12-20,,2007-03-05,2010-01-01,2025-12-31,YES
0001035267,ISRG,Intuitive Surgical,health_care,2008-06-02,,2008-08-21,2010-01-01,2025-12-31,YES
0001035983,FIX,Comfort Systems USA,industrials,2025-12-22,,2025-12-31,2010-01-01,2025-12-31,YES
0001037038,RL,Ralph Lauren Corporation,consumer_discretionary,2007-02-02,,2007-03-05,2010-01-01,2025-12-31,YES
0001037646,MTD,Mettler Toledo,health_care,2016-09-06,,2016-09-10,2010-01-01,2025-12-31,YES
0001037868,AME,Ametek,industrials,2013-09-23,,2013-11-03,2010-01-01,2025-12-31,YES
0001037949,Q,Qwest Communications Int,communication_services,2007-03-05,2011-03-31,2007-03-05,2010-01-01,2025-12-31,YES
0001038357,PXD,Pioneer Natural Resources,energy,2008-09-24,2024-05-08,2008-09-30,2010-01-01,2025-12-31,YES
0001039101,LLL,L-3 Communications Holdings,industrials,2007-03-05,2019-07-01,2007-03-05,2010-01-01,2025-12-31,YES
0001039684,OKE,Oneok,energy,2010-03-15,,2010-04-03,2010-01-01,2025-12-31,YES
0001041061,YUM,Yum! Brands,consumer_discretionary,1997-10-06,,2007-03-05,2010-01-01,2025-12-31,YES
0001043277,CHRW,C.H. Robinson,industrials,2007-03-02,,2007-03-05,2010-01-01,2025-12-31,YES
0001043604,JNPR,Juniper Networks,information_technology,2006-06-02,2025-07-09,2007-03-05,2010-01-01,2025-12-31,YES
0001045810,NVDA,Nvidia,information_technology,2001-11-30,,2007-03-05,2010-01-01,2025-12-31,YES
0001047122,RTN,Raytheon Co.,industrials,2007-03-05,2020-04-06,2007-03-05,2010-01-01,2025-12-31,YES
0001047699,KG,King Pharmaceuticals,health_care,2007-03-05,2010-12-17,2007-03-05,2010-01-01,2025-12-31,YES
0001048286,MAR,Marriott International,consumer_discretionary,1998-05-29,,2007-03-05,2010-01-01,2025-12-31,YES
0001048695,FFIV,"F5, Inc.",information_technology,2010-12-20,,2011-03-09,2010-01-01,2025-12-31,YES
0001048911,FDX,FedEx,industrials,1980-12-31,,2007-03-05,2010-01-01,2025-12-31,YES
0001050915,PWR,Quanta Services,industrials,2009-07-01,,2009-07-04,2010-01-01,2025-12-31,YES
0001053112,CVC,Cablevision Systems Corp.,consumer_discretionary,2010-12-20,2016-06-22,2011-03-08,2010-01-01,2025-12-31,YES
0001054374,BRCM,Broadcom Corporation,information_technology,2007-03-05,2016-02-01,2007-03-05,2010-01-01,2025-12-31,YES
0001054833,CVH,Coventry Health Care Inc.,health_care,2007-03-05,2013-05-08,2007-03-05,2010-01-01,2025-12-31,YES
0001058083,RX,IMS Health Inc.,health_care,2007-03-05,2010-02-26,2007-03-05,2010-01-01,2025-12-31,YES
0001058090,CMG,Chipotle Mexican Grill,consumer_discretionary,2011-04-28,,2011-05-24,2010-01-01,2025-12-31,YES
0001058290,CTSH,Cognizant,information_technology,2006-11-17,,2007-03-05,2010-01-01,2025-12-31,YES
0001060391,RSG,Republic Services,industrials,2008-12-05,,2009-03-07,2010-01-01,2025-12-31,YES
0001064728,BTU,Peabody Energy,energy,2007-03-05,2014-09-20,2007-03-05,2010-01-01,2025-12-31,YES
0001065088,EBAY,eBay Inc.,consumer_discretionary,2002-07-22,,2007-03-05,2010-01-01,2025-12-31,YES
0001065280,NFLX,Netflix,communication_services,2010-12-20,,2011-03-09,2010-01-01,2025-12-31,YES
0001065696,LKQ,LKQ Corporation,consumer_discretionary,2016-05-23,2025-12-22,2016-05-20,2010-01-01,2025-12-31,YES
0001066107,EP,El Paso Corp.,energy,2007-03-05,2012-05-17,2007-03-05,2010-01-01,2025-12-31,YES
0001067701,URI,United Rentals,industrials,2014-09-20,,2014-09-27,2010-01-01,2025-12-31,YES
0001069183,AXON,Axon Enterprise,industrials,2023-05-04,,2023-05-03,2010-01-01,2025-12-31,YES
0001069202,LII,Lennox International,industrials,2024-12-23,,2024-12-23,2010-01-01,2025-12-31,YES
0001070412,CNX,CONSOL Energy Inc.,energy,2007-03-05,2016-03-04,2007-03-05,2010-01-01,2025-12-31,YES
0001071739,CNC,Centene Corporation,health_care,2016-03-30,,2016-03-30,2010-01-01,2025-12-31,YES
0001073431,LIFE,Life Technologies,health_care,2009-03-07,2014-01-24,2009-03-07,2010-01-01,2025-12-31,YES
0001075531,BKNG,Booking Holdings,consumer_discretionary,2009-11-06,,2018-02-28,2010-01-01,2025-12-31,YES
0001075531,PCLN,Priceline.com,consumer_discretionary,2009-11-06,2018-02-27,2010-07-21,2010-01-01,2025-12-31,YES
0001076405,PBG,Pepsi Bottling Group,consumer_staples,2007-03-05,2010-04-03,2007-03-05,2010-01-01,2025-12-31,YES
0001086222,AKAM,Akamai Technologies,information_technology,2007-07-12,,2008-01-22,2010-01-01,2025-12-31,YES
0001087423,RHT,Red Hat Inc.,information_technology,2009-07-27,2019-07-15,2009-07-18,2010-01-01,2025-12-31,YES
0001089976,PTV,Pactiv Corp.,materials,2007-03-05,2010-11-17,2007-03-05,2010-01-01,2025-12-31,YES
0001090012,DVN,Devon Energy,energy,2000-08-30,,2007-03-05,2010-01-01,2025-12-31,YES
0001090727,UPS,United Parcel Service,industrials,2002-07-22,,2007-03-05,2010-01-01,2025-12-31,YES
0001090872,A,Agilent Technologies,health_care,2000-06-05,,2007-03-05,2010-01-01,2025-12-31,YES
0001091667,CHTR,Charter Communications,communication_services,2016-09-08,,2016-09-10,2010-01-01,2025-12-31,YES
0001093557,DXCM,Dexcom,health_care,2020-05-12,,2020-05-13,2010-01-01,2025-12-31,YES
0001094285,TDY,Teledyne Technologies,information_technology,2020-06-22,,2020-07-15,2010-01-01,2025-12-31,YES
0001097149,ALGN,Align Technology,health_care,2017-06-19,,2017-06-17,2010-01-01,2025-12-31,YES
0001097864,ON,ON Semiconductor,information_technology,2022-06-21,,2022-06-20,2010-01-01,2025-12-31,YES
0001099800,EW,Edwards Lifesciences,health_care,2011-04-01,,2011-04-07,2010-01-01,2025-12-31,YES
0001100682,CRL,Charles River Laboratories,health_care,2021-05-14,,2021-05-19,2010-01-01,2025-12-31,YES
0001100962,ENDP,Endo International,health_care,2015-01-27,2017-03-02,2015-01-27,2010-01-01,2025-12-31,YES
0001101215,ADS,Alliance Data Systems,information_technology,2013-12-23,2020-06-22,2013-12-21,2010-01-01,2025-12-31,YES
0001103982,KFT,Kraft Foods Inc-A,consumer_staples,2008-01-22,2012-10-02,2008-01-22,2010-01-01,2025-12-31,YES
0001103982,MDLZ,Mondelez International,consumer_staples,2012-10-02,,2012-10-03,2010-01-01,2025-12-31,YES
0001105705,TWX,Time Warner Inc.,consumer_discretionary,2007-03-05,2018-06-20,2007-03-05,2010-01-01,2025-12-31,YES
0001108524,CRM,Salesforce,information_technology,2008-09-15,,2008-09-11,2010-01-01,2025-12-31,YES
0001108827,QEP,QEP Resources,energy,2010-07-01,2015-07-01,2010-07-20,2010-01-01,2025-12-31,YES
0001110783,MON,Monsanto Co.,materials,2002-08-07,2018-06-07,2007-03-05,2010-01-01,2025-12-31,YES
0001110803,ILMN,Illumina,health_care,2015-11-19,2024-06-24,2015-11-18,2010-01-01,2025-12-31,YES
0001111928,IPGP,IPG Photonics,information_technology,2018-03-07,2022-06-21,2018-03-08,2010-01-01,2025-12-31,YES
0001115222,DNB,Dun & Bradstreet,industrials,2008-12-02,2017-04-05,2008-12-24,2010-01-01,2025-12-31,YES
0001116132,TPR,"Tapestry, Inc.",consumer_discretionary,2004-09-01,,2017-10-31,2010-01-01,2025-12-31,YES
0001116132,COH,Coach Inc.,consumer_discretionary,2007-03-05,2017-10-31,2007-03-05,2010-01-01,2025-12-31,YES
0001121788,GRMN,Garmin,consumer_discretionary,2012-12-12,,2012-12-13,2010-01-01,2025-12-31,YES
0001122304,AET,Aetna Inc,health_care,1976-06-30,2018-12-03,2007-03-05,2010-01-01,2025-12-31,YES
0001124198,FLR,Fluor Corp.,industrials,1980-03-31,2019-06-03,2007-03-05,2010-01-01,2025-12-31,YES
0001133421,NOC,Northrop Grumman,industrials,1957-03-04,,2007-03-05,2010-01-01,2025-12-31,YES
0001136869,ZBH,Zimmer Biomet,health_care,2001-08-07,,2015-06-29,2010-01-01,2025-12-31,YES
0001136869,ZMH,Zimmer Holdings,health_care,2007-03-05,2015-06-29,2007-03-05,2010-01-01,2025-12-31,YES
0001137411,COL,Rockwell Collins,industrials,2001-07-02,2018-12-03,2007-03-05,2010-01-01,2025-12-31,YES
0001137789,STX,Seagate Technology,information_technology,2012-07-02,,2012-07-04,2010-01-01,2025-12-31,YES
0001140859,ABC,AmerisourceBergen,health_care,2001-08-30,2023-09-01,2007-03-05,2010-01-01,2025-12-31,YES
0001140859,COR,Cencora,health_care,2001-08-30,,2023-09-02,2010-01-01,2025-12-31,YES
0001141982,CBE,Cooper Industries,industrials,2011-11-30,2012-12-03,2011-11-30,2010-01-01,2025-12-31,YES
0001144215,AYI,Acuity Brands Inc,industrials,2016-05-03,2018-06-18,2016-05-02,2010-01-01,2025-12-31,YES
0001145197,PODD,Insulet Corporation,health_care,2023-03-15,,2023-03-14,2010-01-01,2025-12-31,YES
0001156039,ANTM,Anthem,health_care,2002-07-25,2022-06-28,2014-12-06,2010-01-01,2025-12-31,YES
0001156039,ELV,Elevance Health,health_care,2002-07-25,,2022-06-28,2010-01-01,2025-12-31,YES
0001156039,WLP,WellPoint Inc.,health_care,2007-03-05,2014-12-06,2007-03-05,2010-01-01,2025-12-31,YES
0001158449,AAP,Advance Auto Parts,consumer_discretionary,2015-07-09,2023-08-25,2015-07-09,2010-01-01,2025-12-31,YES
0001159297,MWV,MeadWestvaco Corporation,materials,2007-03-05,2015-07-21,2007-03-05,2010-01-01,2025-12-31,YES
0001163165,COP,ConocoPhillips,energy,1957-03-04,,2007-03-05,2010-01-01,2025-12-31,YES
0001163302,X,United States Steel Corp.,materials,1991-05-01,2014-07-02,2007-03-05,2010-01-01,2025-12-31,YES
0001163739,NBR,Nabors Industries Ltd.,energy,2007-03-05,2015-03-23,2007-03-05,2010-01-01,2025-12-31,YES
0001164727,NEM,Newmont,materials,1969-06-30,,2007-03-05,2010-01-01,2025-12-31,YES
0001166126,JCP,Penney (J.C.),consumer_discretionary,2007-03-05,2013-12-02,2007-03-05,2010-01-01,2025-12-31,YES
0001166691,CMCSA,Comcast,communication_services,2002-11-19,,2007-03-05,2010-01-01,2025-12-31,YES
0001166691,CMCSK,Comcast Special Corp Class A,consumer_discretionary,2015-09-25,2015-12-15,2015-09-25,2010-01-01,2025-12-31,YES
0001168054,XEC,Cimarex Energy,energy,2014-06-21,2020-03-02,2014-06-22,2010-01-01,2025-12-31,YES
0001170010,KMX,CarMax,consumer_discretionary,2010-06-28,2025-10-31,2010-07-21,2010-01-01,2025-12-31,YES
0001170650,MHS,Medco Health Solutions Inc.,health_care,2007-03-05,2012-04-03,2007-03-05,2010-01-01,2025-12-31,YES
0001174922,WYNN,Wynn Resorts,consumer_discretionary,2008-11-14,,2009-06-01,2010-01-01,2025-12-31,YES
0001179929,MOH,Molina Healthcare,health_care,2022-03-02,2026-03-23,2022-03-01,2010-01-01,2025-12-31,YES
0001260221,TDG,TransDigm Group,industrials,2016-06-03,,2016-06-03,2010-01-01,2025-12-31,YES
0001262039,FTNT,Fortinet,information_technology,2018-10-11,,2018-10-10,2010-01-01,2025-12-31,YES
0001274057,HSP,Hospira Inc.,health_care,2007-03-05,2015-09-02,2007-03-05,2010-01-01,2025-12-31,YES
0001274494,FSLR,First Solar Inc,information_technology,2009-10-16,2017-03-20,2009-10-18,2010-01-01,2025-12-31,YES
0001274494,FSLR,First Solar,information_technology,2022-12-19,,2022-12-17,2010-01-01,2025-12-31,YES
0001275283,RAI,Reynolds American Inc.,consumer_staples,2007-03-05,2017-07-26,2007-03-05,2010-01-01,2025-12-31,YES
0001279363,WCG,WellCare,health_care,2018-09-12,2020-01-28,2018-09-12,2010-01-01,2025-12-31,YES
0001280452,MPWR,Monolithic Power Systems,information_technology,2021-02-12,,2021-02-17,2010-01-01,2025-12-31,YES
0001282266,WIN,Windstream Communications,communication_services,2007-03-05,2015-04-07,2007-03-05,2010-01-01,2025-12-31,YES
0001283699,PCS,MetroPCS Communications Inc.,communication_services,2009-07-04,2013-04-30,2009-07-04,2010-01-01,2025-12-31,YES
0001283699,TMUS,T-Mobile US,communication_services,2019-07-15,,2019-07-14,2010-01-01,2025-12-31,YES
0001285785,MOS,Mosaic Company (The),materials,2011-09-26,,2011-10-18,2010-01-01,2025-12-31,YES
0001286681,DPZ,Domino's,consumer_discretionary,2020-05-12,,2020-05-13,2010-01-01,2025-12-31,YES
0001300514,LVS,Las Vegas Sands,consumer_discretionary,2019-10-03,,2019-10-11,2010-01-01,2025-12-31,YES
0001301063,ANR,Alpha Natural Resources,energy,2011-06-09,2012-10-02,2011-06-09,2010-01-01,2025-12-31,YES
0001305014,ASH,Ashland Inc.,materials,2007-03-05,2010-07-12,2007-03-05,2010-01-01,2025-12-31,YES
0001306830,CE,Celanese,materials,2018-12-24,2025-03-24,2019-01-01,2010-01-01,2025-12-31,YES
0001310067,SHLD,Sears Holdings Corporation,consumer_discretionary,2007-03-05,2012-09-05,2007-03-05,2010-01-01,2025-12-31,YES
0001316835,BLDR,Builders FirstSource,industrials,2023-12-18,2026-09-20,2023-12-16,2010-01-01,2025-12-31,YES
0001318605,TSLA,"Tesla, Inc.",consumer_discretionary,2020-12-21,,2020-12-21,2010-01-01,2025-12-31,YES
0001321655,PLTR,Palantir Technologies,information_technology,2024-09-23,,2024-09-21,2010-01-01,2025-12-31,YES
0001324404,CF,CF Industries,materials,2008-08-27,,2008-09-03,2010-01-01,2025-12-31,YES
0001324424,EXPE,Expedia Group,consumer_discretionary,2007-10-02,,2008-01-22,2010-01-01,2025-12-31,YES
0001326380,GME,GameStop Corp.,consumer_discretionary,2007-12-14,2016-04-25,2008-01-22,2010-01-01,2025-12-31,YES
0001326801,FB,Meta,communication_services,2013-12-23,2022-06-08,2013-12-20,2010-01-01,2025-12-31,YES
0001326801,META,Meta Platforms,communication_services,2013-12-23,,2022-06-08,2010-01-01,2025-12-31,YES
0001327567,PANW,Palo Alto Networks,information_technology,2023-06-20,,2023-06-19,2010-01-01,2025-12-31,YES
0001327811,WDAY,"Workday, Inc.",information_technology,2024-12-23,,2024-12-25,2010-01-01,2025-12-31,YES
0001335258,LYV,Live Nation Entertainment,communication_services,2019-12-23,,2019-12-31,2010-01-01,2025-12-31,YES
0001336917,UAA,Under Armour (Class A),consumer_discretionary,2014-05-01,2022-06-21,2016-12-07,2010-01-01,2025-12-31,YES
0001336917,UA.C,Under Armour,consumer_discretionary,2016-03-25,2016-12-07,2016-08-16,2010-01-01,2025-12-31,YES
0001336917,UA,Under Armour (Class C),consumer_discretionary,2016-04-08,2022-06-21,2014-04-30,2010-01-01,2025-12-31,YES
0001336920,SAI,SAIC,industrials,2010-01-22,2013-09-20,2010-01-22,2010-01-01,2025-12-31,YES
0001336920,SAIC,SAIC,industrials,2013-10-08,2013-11-03,2013-10-08,2010-01-01,2025-12-31,YES
0001336920,LDOS,Leidos,industrials,2019-08-09,,2019-08-12,2010-01-01,2025-12-31,YES
0001339947,VIAB,Viacom Inc.,communication_services,2007-03-05,2019-12-05,2007-03-05,2010-01-01,2025-12-31,YES
0001341439,ORCL,Oracle Corporation,information_technology,1989-08-31,,2007-03-05,2010-01-01,2025-12-31,YES
0001352010,EPAM,EPAM Systems,information_technology,2021-12-14,2026-06-02,2021-12-14,2010-01-01,2025-12-31,YES
0001358071,CXO,Concho Resources,energy,2016-02-22,2021-01-21,2016-02-19,2010-01-01,2025-12-31,YES
0001359841,HBI,Hanesbrands,consumer_discretionary,2015-03-20,2021-12-20,2015-03-20,2010-01-01,2025-12-31,YES
0001361658,WYN,Wyndham Worldwide,consumer_discretionary,2007-03-05,2018-05-31,2007-03-05,2010-01-01,2025-12-31,YES
0001365135,WU,Western Union,information_technology,2006-09-29,2021-12-20,2007-03-05,2010-01-01,2025-12-31,YES
0001370637,ETSY,Etsy,consumer_discretionary,2020-09-21,2024-09-23,2020-10-01,2010-01-01,2025-12-31,YES
0001373715,NOW,ServiceNow,information_technology,2019-11-21,,2019-11-19,2010-01-01,2025-12-31,YES
0001373835,SE,Spectra Energy Corp.,energy,2007-03-05,2017-02-28,2007-03-05,2010-01-01,2025-12-31,YES
0001375365,SMCI,Supermicro,information_technology,2024-03-18,,2024-03-17,2010-01-01,2025-12-31,YES
0001377013,TWC,Time Warner Cable Inc.,consumer_discretionary,2009-03-30,2016-05-18,2009-04-06,2010-01-01,2025-12-31,YES
0001383312,BR,Broadridge Financial Solutions,industrials,2018-06-18,,2018-06-18,2010-01-01,2025-12-31,YES
0001385157,TEL,TE Connectivity,information_technology,2011-10-17,,2011-10-18,2010-01-01,2025-12-31,YES
0001385187,COV,Covidien plc,health_care,2011-03-07,2015-01-27,2011-03-07,2010-01-01,2025-12-31,YES
0001389170,TRGP,Targa Resources,energy,2022-10-12,,2022-10-13,2010-01-01,2025-12-31,YES
0001396009,VMC,Vulcan Materials Company,materials,1999-06-30,,2007-03-05,2010-01-01,2025-12-31,YES
0001397187,LULU,Lululemon Athletica,consumer_discretionary,2023-10-18,,2023-10-17,2010-01-01,2025-12-31,YES
0001402057,CDW,CDW Corporation,information_technology,2019-09-23,,2019-09-25,2010-01-01,2025-12-31,YES
0001403568,ULTA,Ulta Beauty,consumer_discretionary,2016-04-18,,2016-04-18,2010-01-01,2025-12-31,YES
0001413329,PM,Philip Morris International,consumer_staples,2008-03-31,,2008-08-21,2010-01-01,2025-12-31,YES
0001413447,NXPI,NXP Semiconductors,information_technology,2021-03-22,,2021-03-22,2010-01-01,2025-12-31,YES
0001418091,TWTR,Twitter Inc.,communication_services,2018-06-07,2022-11-01,2018-06-07,2010-01-01,2025-12-31,YES
0001418135,DPS,Dr Pepper Snapple Group,consumer_staples,2008-10-07,2018-07-02,2008-11-03,2010-01-01,2025-12-31,YES
0001418135,KDP,Keurig Dr Pepper,consumer_staples,2022-06-21,,2022-06-20,2010-01-01,2025-12-31,YES
0001419612,SEDG,SolarEdge,information_technology,2021-12-20,2023-12-18,2021-12-26,2010-01-01,2025-12-31,YES
0001424847,LO,Lorillard Inc.,consumer_staples,2008-06-11,2015-06-11,2008-08-21,2010-01-01,2025-12-31,YES
0001430602,SNI,Scripps Networks Interactive Inc.,consumer_discretionary,2008-07-01,2018-03-07,2008-08-21,2010-01-01,2025-12-31,YES
0001437107,DISCA,Discovery (Series A),communication_services,2010-03-01,2022-04-11,2010-04-03,2010-01-01,2025-12-31,YES
0001437107,DISCK,Discovery (Series C),communication_services,2014-08-07,2022-04-11,2014-08-08,2010-01-01,2025-12-31,YES
0001437107,WBD,Warner Bros. Discovery,communication_services,2022-04-11,,2022-04-11,2010-01-01,2025-12-31,YES
0001442145,VRSK,Verisk Analytics,industrials,2015-10-08,,2015-10-08,2010-01-01,2025-12-31,YES
0001451505,RIG,Transocean,energy,2013-10-29,2017-07-26,2013-12-03,2010-01-01,2025-12-31,YES
0001452575,MJN,Mead Johnson,consumer_staples,2009-12-21,2017-06-19,2010-01-22,2010-01-01,2025-12-31,YES
0001457543,CFN,Carefusion,health_care,2009-10-01,2015-03-18,2009-10-01,2010-01-01,2025-12-31,YES
0001458891,NE,Noble Corp,energy,2011-01-18,2015-07-20,2011-03-09,2010-01-01,2025-12-31,YES
0001463101,ENPH,Enphase Energy,information_technology,2021-01-07,2025-09-22,2021-01-09,2010-01-01,2025-12-31,YES
0001465112,DTV,DirecTV,consumer_discretionary,2007-03-05,2015-07-29,2007-03-05,2010-01-01,2025-12-31,YES
0001466258,TT,Trane Technologies,industrials,2010-11-17,,2020-03-03,2010-01-01,2025-12-31,YES
0001467373,ACN,Accenture,information_technology,2011-07-06,,2011-11-21,2010-01-01,2025-12-31,YES
0001467858,GM,General Motors,consumer_discretionary,2013-06-06,,2013-06-08,2010-01-01,2025-12-31,YES
0001474735,GNRC,Generac,industrials,2021-03-22,,2021-03-22,2010-01-01,2025-12-31,YES
0001478242,IQV,IQVIA,health_care,2017-08-29,,2017-11-15,2010-01-01,2025-12-31,YES
0001478242,Q,IQVIA Holdings Inc.,health_care,2017-08-29,2017-11-15,2017-08-29,2010-01-01,2025-12-31,YES
0001489393,LYB,LyondellBasell,materials,2012-09-05,,2012-09-05,2010-01-01,2025-12-31,YES
0001491675,CCE,Coca-Cola Enterprises,consumer_staples,2007-03-05,2016-05-31,2007-03-05,2010-01-01,2025-12-31,YES
0001492633,NLSN,Nielsen Holdings,industrials,2013-07-09,2022-10-12,2013-07-08,2010-01-01,2025-12-31,YES
0001495569,MMI,Motorola Mobility Holdings Inc.,information_technology,2011-03-09,2012-05-21,2011-03-09,2010-01-01,2025-12-31,YES
0001501585,HII,Huntington Ingalls Industries,industrials,2018-01-03,,2018-01-04,2010-01-01,2025-12-31,YES
0001506307,KMI,Kinder Morgan,energy,2012-05-25,,2012-05-29,2010-01-01,2025-12-31,YES
0001510295,MPC,Marathon Petroleum,energy,2011-07-01,,2011-12-30,2010-01-01,2025-12-31,YES
0001513761,NCLH,Norwegian Cruise Line Holdings,consumer_discretionary,2017-10-13,,2017-10-17,2010-01-01,2025-12-31,YES
0001518832,WPX,"WPX Energy, Inc.",energy,2012-01-02,2014-03-21,2012-01-02,2010-01-01,2025-12-31,YES
0001519751,FBHS,Fortune Brands Home & Security,industrials,2016-06-22,2022-12-19,2016-06-22,2010-01-01,2025-12-31,YES
0001521332,APTV,Aptiv,consumer_discretionary,2012-12-24,,2017-12-07,2010-01-01,2025-12-31,YES
0001521332,DLPH,Delphi Automotive PLC,consumer_discretionary,2012-12-24,2017-12-05,2012-12-26,2010-01-01,2025-12-31,YES
0001524472,XYL,Xylem Inc.,industrials,2011-11-01,,2011-11-05,2010-01-01,2025-12-31,YES
0001526520,TRIP,TripAdvisor,communication_services,2011-12-21,2019-12-23,2011-12-29,2010-01-01,2025-12-31,YES
0001530721,CPRI,Capri Holdings,consumer_discretionary,2013-11-13,2020-05-12,2019-01-03,2010-01-01,2025-12-31,YES
0001530721,KORS,Michael Kors Holdings,consumer_discretionary,2013-11-13,2018-01-02,2013-11-15,2010-01-01,2025-12-31,YES
0001532063,ESRX,Express Scripts,health_care,2003-09-25,2018-12-24,2007-03-05,2010-01-01,2025-12-31,YES
0001534701,PSX,Phillips 66,energy,2012-05-01,,2012-05-04,2010-01-01,2025-12-31,YES
0001535527,CRWD,CrowdStrike,information_technology,2024-06-24,,2024-06-22,2010-01-01,2025-12-31,YES
0001539838,FANG,Diamondback Energy,energy,2018-12-03,,2018-11-30,2010-01-01,2025-12-31,YES
0001543151,UBER,Uber,industrials,2023-12-18,,2023-12-16,2010-01-01,2025-12-31,YES
0001545158,KRFT,Kraft Foods Group,consumer_staples,2012-10-02,2015-07-06,2012-10-03,2010-01-01,2025-12-31,YES
0001546640,ADT,ADT Corp,industrials,2012-10-01,2016-05-03,2012-10-03,2010-01-01,2025-12-31,YES
0001551152,ABBV,AbbVie,health_care,2012-12-31,,2013-01-03,2010-01-01,2025-12-31,YES
0001551182,ETN,Eaton Corporation,industrials,1957-03-04,,2007-03-05,2010-01-01,2025-12-31,YES
0001555280,ZTS,Zoetis,health_care,2013-06-21,,2013-08-23,2010-01-01,2025-12-31,YES
0001559720,ABNB,Airbnb,consumer_discretionary,2023-09-18,,2023-09-17,2010-01-01,2025-12-31,YES
0001561550,DDOG,Datadog,information_technology,2025-07-09,,2025-07-10,2010-01-01,2025-12-31,YES
0001564708,NWSA,News Corp (Class A),communication_services,2013-08-01,,2007-03-05,2010-01-01,2025-12-31,YES
0001564708,NWS,News Corp (Class B),communication_services,2015-09-18,,2015-09-25,2010-01-01,2025-12-31,YES
0001567892,MNK,Mallinckrodt Plc,health_care,2014-08-19,2017-07-26,2014-09-27,2010-01-01,2025-12-31,YES
0001571996,DELL,Dell Technologies,information_technology,2024-09-23,,2024-09-21,2010-01-01,2025-12-31,YES
0001578845,AGN,"Allergan, plc",health_care,1999-04-12,2020-05-12,2015-06-20,2010-01-01,2025-12-31,YES
0001579241,ALLE,Allegion,industrials,2013-12-02,,2013-12-01,2010-01-01,2025-12-31,YES
0001585364,PRGO,Perrigo,health_care,2011-12-19,2021-09-20,2011-12-29,2010-01-01,2025-12-31,YES
0001585689,HLT,Hilton Worldwide,consumer_discretionary,2017-06-19,,2017-06-17,2010-01-01,2025-12-31,YES
0001590895,CZR,Caesars Entertainment,consumer_discretionary,2021-03-22,2025-09-22,2021-03-22,2010-01-01,2025-12-31,YES
0001590955,PAYC,Paycom,industrials,2020-01-28,2026-03-23,2020-01-29,2010-01-01,2025-12-31,YES
0001596532,ANET,Arista Networks,information_technology,2018-08-28,,2018-08-29,2010-01-01,2025-12-31,YES
0001596783,CTLT,Catalent,health_care,2020-09-21,2024-12-23,2020-10-01,2010-01-01,2025-12-31,YES
0001598014,INFO,IHS Markit,industrials,2017-06-02,2022-03-02,2017-06-01,2010-01-01,2025-12-31,YES
0001601046,KEYS,Keysight Technologies,information_technology,2018-11-06,,2018-11-06,2010-01-01,2025-12-31,YES
0001604778,QRVO,Qorvo,information_technology,2015-06-11,2024-12-23,2015-06-11,2010-01-01,2025-12-31,YES
0001609711,GDDY,GoDaddy,information_technology,2024-06-24,,2024-06-22,2010-01-01,2025-12-31,YES
0001613103,MDT,Medtronic,health_care,1986-10-31,,2007-03-05,2010-01-01,2025-12-31,YES
0001618921,WBA,Walgreens Boots Alliance,consumer_staples,1979-12-31,2025-08-28,2015-01-02,2010-01-01,2025-12-31,YES
0001620546,BXLT,Baxalta,health_care,2015-07-01,2016-06-03,2015-07-01,2010-01-01,2025-12-31,YES
0001623613,MYL,Mylan N.V.,health_care,2004-04-23,2020-11-18,2007-03-05,2010-01-01,2025-12-31,YES
0001629995,CPGX,Columbia Pipeline Group Inc,energy,2015-07-02,2016-07-05,2015-07-02,2010-01-01,2025-12-31,YES
0001637459,KHC,Kraft Heinz,consumer_staples,2015-07-06,,2015-07-21,2010-01-01,2025-12-31,YES
0001645590,HPE,Hewlett Packard Enterprise,information_technology,2015-11-02,,2015-11-03,2010-01-01,2025-12-31,YES
0001646383,CSRA,CSRA Inc.,information_technology,2015-12-01,2018-04-04,2015-11-30,2010-01-01,2025-12-31,YES
0001652044,GOOGL,Alphabet Inc. (Class A),communication_services,2006-04-03,,2014-04-03,2010-01-01,2025-12-31,YES
0001652044,GOOG,Alphabet Inc. (Class C),communication_services,2014-04-03,,2007-03-05,2010-01-01,2025-12-31,YES
0001659166,FTV,Fortive,industrials,2016-07-01,,2016-07-05,2010-01-01,2025-12-31,YES
0001666700,DWDP,DowDuPont,materials,2017-09-01,2019-06-03,2017-09-01,2010-01-01,2025-12-31,YES
0001666700,DD,DuPont,industrials,2019-06-03,,2019-06-04,2010-01-01,2025-12-31,YES
0001671933,TTD,Trade Desk (The),communication_services,2025-07-18,2026-09-20,2025-07-17,2010-01-01,2025-12-31,YES
0001679273,LW,Lamb Weston,consumer_staples,2018-12-03,2026-03-23,2018-11-30,2010-01-01,2025-12-31,YES
0001681459,FTI,TechnipFMC,energy,2009-06-05,2021-02-12,2009-06-10,2010-01-01,2025-12-31,YES
0001682852,MRNA,Moderna,health_care,2021-07-21,,2021-07-21,2010-01-01,2025-12-31,YES
0001688568,DXC,DXC Technology,information_technology,2017-04-04,2023-10-03,2017-04-03,2010-01-01,2025-12-31,YES
0001690820,CVNA,Carvana,consumer_discretionary,2025-12-22,,2026-01-01,2010-01-01,2025-12-31,YES
0001699150,IR,Ingersoll Rand,industrials,2020-03-03,,2010-12-07,2010-01-01,2025-12-31,YES
0001701605,BHI,"Baker Hughes, a GE Company",energy,2007-03-05,2017-07-07,2007-03-05,2010-01-01,2025-12-31,YES
0001701605,BKR,Baker Hughes,energy,2017-07-07,,2019-10-24,2010-01-01,2025-12-31,YES
0001701605,BHGE,"Baker Hughes, a GE Company",energy,2017-07-27,2019-10-24,2017-07-10,2010-01-01,2025-12-31,YES
0001707925,LIN,Linde plc,materials,1992-07-01,,2018-11-01,2010-01-01,2025-12-31,YES
0001725057,CDAY,Ceridian,industrials,2021-09-20,2024-02-01,2021-09-21,2010-01-01,2025-12-31,YES
0001725057,DAY,Dayforce,industrials,2021-09-20,2026-02-09,2024-02-01,2010-01-01,2025-12-31,YES
0001730168,AVGO,Broadcom,information_technology,2014-05-08,,2014-05-09,2010-01-01,2025-12-31,YES
0001732845,WRK,WestRock,materials,2015-06-25,2024-07-08,2015-07-21,2010-01-01,2025-12-31,YES
0001739940,CI,Cigna,health_care,1976-06-30,,2007-03-05,2010-01-01,2025-12-31,YES
0001744489,DIS,Walt Disney Company (The),communication_services,1976-06-30,,2007-03-05,2010-01-01,2025-12-31,YES
0001748790,AMCR,Amcor,materials,2019-06-07,,2019-06-11,2010-01-01,2025-12-31,YES
0001751008,APP,AppLovin,communication_services,2025-09-22,,2025-09-22,2010-01-01,2025-12-31,YES
0001751788,DOW,Dow Inc.,materials,2019-04-01,,2019-04-03,2010-01-01,2025-12-31,YES
0001754301,FOX,Fox Corporation (Class B),communication_services,2019-03-19,,2015-09-25,2010-01-01,2025-12-31,YES
0001754301,FOXA,Fox Corporation (Class A),communication_services,2019-03-19,,2013-07-08,2010-01-01,2025-12-31,YES
0001755672,CTVA,Corteva,materials,2019-06-03,,2019-06-04,2010-01-01,2025-12-31,YES
0001757898,STE,Steris,health_care,2019-12-23,,2019-12-31,2010-01-01,2025-12-31,YES
0001770450,XRX,Xerox,information_technology,2007-03-05,2021-03-22,2007-03-05,2010-01-01,2025-12-31,YES
0001781335,OTIS,Otis Worldwide,industrials,2020-04-03,,2020-04-12,2010-01-01,2025-12-31,YES
0001783180,CARR,Carrier Global,industrials,2020-04-03,,2020-04-12,2010-01-01,2025-12-31,YES
0001786842,VNT,Vontier,information_technology,2020-10-09,2021-03-22,2020-10-09,2010-01-01,2025-12-31,YES
0001792044,VTRS,Viatris,health_care,2004-04-23,,2020-11-18,2010-01-01,2025-12-31,YES
0001792789,DASH,DoorDash,consumer_discretionary,2025-03-24,,2025-03-25,2010-01-01,2025-12-31,YES
0001811074,TPL,Texas Pacific Land Corporation,energy,2024-11-26,,2024-11-25,2010-01-01,2025-12-31,YES
0001821825,OGN,Organon & Co.,health_care,2021-06-03,2023-10-18,2021-06-04,2010-01-01,2025-12-31,YES
0001841666,APA,APA Corporation,energy,1997-07-28,,2007-03-05,2010-01-01,2025-12-31,YES
0001932393,GEHC,GE HealthCare,health_care,2023-01-04,,2023-01-03,2010-01-01,2025-12-31,YES
0001944048,KVUE,Kenvue,consumer_staples,2023-08-25,,2023-08-28,2010-01-01,2025-12-31,YES
0001964738,SOLV,Solventum,health_care,2024-04-01,,2024-04-01,2010-01-01,2025-12-31,YES
0001967680,VLTO,Veralto,industrials,2023-10-02,,2023-10-05,2010-01-01,2025-12-31,YES
0001973266,TKO,TKO Group Holdings,communication_services,2025-03-24,,2025-03-25,2010-01-01,2025-12-31,YES
0001996810,GEV,GE Vernova,industrials,2024-04-02,,2024-04-02,2010-01-01,2025-12-31,YES
0001996862,BG,Bunge Global,consumer_staples,2023-03-15,,2023-03-14,2010-01-01,2025-12-31,YES
0002005951,SW,Smurfit Westrock,materials,2024-07-08,,2024-07-11,2010-01-01,2025-12-31,YES
0002011286,AMTM,Amentum,industrials,2024-09-30,2024-12-23,2024-09-30,2010-01-01,2025-12-31,YES
0002023554,SNDK,Sandisk,information_technology,2025-11-28,,2025-12-01,2010-01-01,2025-12-31,YES
0002041610,PSKY,Paramount Skydance Corporation,communication_services,1994-09-30,,2025-08-11,2010-01-01,2025-12-31,YES
0002058873,Q,Qnity Electronics,information_technology,2025-11-03,,2025-11-05,2010-01-01,2025-12-31,YES
0002064953,SOLS,Solstice Advanced Materials,materials,2025-10-30,2025-12-22,2025-10-31,2010-01-01,2025-12-31,YES
0002115436,XOM,ExxonMobil,energy,1957-03-04,,2007-03-05,2010-01-01,2025-12-31,YES
